<?xml version="1.0" encoding="UTF-8"?>
<metadata xml:lang="en"><Esri><CreaDate>20210506</CreaDate><CreaTime>14533200</CreaTime><ArcGISFormat>1.0</ArcGISFormat><SyncOnce>TRUE</SyncOnce><DataProperties><itemProps><itemLocation><linkage Sync="TRUE">file://\\LAPTOP-DDCVIQLD\C$\Users\User\Downloads\bogorshp\tes\bogorCopy</linkage><protocol Sync="TRUE">Local Area Network</protocol></itemLocation></itemProps><copyHistory><copy source="C:\Users\User\Downloads\bogorshp\tes\bogor" dest="\\LAPTOP-DDCVIQLD\C$\Users\User\Downloads\bogorshp\tes\bogorCopy" date="20210506" time="14533200"></copy></copyHistory></DataProperties></Esri></metadata>
